predicted_demand_MW,mapped_predicted_wind_fraction,mapped_predicted_wind_MW,scenario_residual_load_MW,wind_share_of_predicted_demand
1054.3948936666666,0.1817003333333335,181.7003333333335,872.6945603333331,0.17232664386439617
1079.3629876666666,0.19992766666666673,199.92766666666674,879.4353209999999,0.18522746189293016
1086.6622243333343,0.19224566666666665,192.24566666666664,894.4165576666676,0.1769139134146391
1078.9909560000008,0.28130433333333343,281.30433333333343,797.6866226666673,0.26071055718221725
1076.079712333333,0.5407780000000001,540.7780000000001,535.3017123333328,0.5025445548335786
1065.5148973333337,0.7434670000000002,743.4670000000002,322.0478973333335,0.6977537356452514
1050.074105333334,0.7748076666666671,774.8076666666672,275.2664386666669,0.7378599879107707
1049.7196120000017,0.775098666666667,775.0986666666671,274.6209453333346,0.7383863822358173
1106.0471523333342,0.7578469999999999,757.847,348.20015233333424,0.6851850740732294
1111.321479000001,0.6990603333333335,699.0603333333335,412.26114566666763,0.6290352040728736
1101.970017,0.640949666666667,640.949666666667,461.0203503333331,0.5816398420817169
1076.1959429999995,0.5926179999999999,592.6179999999998,483.57794299999966,0.550659946132133
1049.824230666666,0.5483753333333334,548.3753333333334,501.4488973333325,0.5223496632241958
1004.8311796666665,0.440574,440.574,564.2571796666664,0.4384557415367545
977.4553503333314,0.3515686666666669,351.5686666666669,625.8866836666645,0.3596774692028389
935.5733943333323,0.3251819999999998,325.1819999999998,610.3913943333325,0.3475750827990538
902.8707079999989,0.25354466666666636,253.54466666666636,649.3260413333326,0.28082056978934206
890.721922666666,0.1837156666666667,183.7156666666667,707.0062559999993,0.20625479399525054
885.0177983333339,0.1849583333333335,184.9583333333335,700.0594650000004,0.2089882640571152
889.5634016666668,0.1875133333333335,187.5133333333335,702.0500683333332,0.21079254495184105
873.4314948933343,0.1818833333333333,181.88333333333333,691.548161560001,0.2082399528717995
891.8053646666677,0.25000266666666665,250.00266666666664,641.8026980000011,0.28033321683382195
951.675998926667,0.384904,384.904,566.771998926667,0.40444857328976247
1010.0468249999999,0.4237869999999999,423.7869999999999,586.259825,0.4195716371862265
1077.4681293333344,0.29682166666666676,296.8216666666668,780.6464626666677,0.2754806927331765
1085.4063879600005,0.24228566666666676,242.28566666666677,843.1207212933338,0.2232211541725287
1087.5951616266668,0.20651266666666657,206.51266666666658,881.0824949600003,0.18988008953422975
1073.5610456666673,0.18885300000000027,188.85300000000026,884.708045666667,0.17591267936023613
1070.682949,0.18470733333333342,184.70733333333342,885.9756156666666,0.172513565762719
1059.3526259999999,0.19969533333333345,199.69533333333345,859.6572926666664,0.18850695078499147
1024.766728000001,0.193827,193.827,830.939728000001,0.18914255771973093
1027.4211026666671,0.21320266666666685,213.20266666666686,814.2184360000003,0.20751244656480214
1087.5934560000005,0.17787466666666685,177.87466666666685,909.7187893333337,0.1635488570525812
1106.9315446666665,0.19310033333333346,193.10033333333345,913.831211333333,0.17444649966270706
1099.6659803333328,0.20748266666666687,207.48266666666686,892.1833136666659,0.18867789890506054
1084.7968736666664,0.21067700000000023,210.67700000000022,874.1198736666662,0.19420870866626086
1034.5246833333322,0.20986766666666692,209.86766666666693,824.6570166666652,0.2028638562691944
990.5882676666671,0.22162133333333334,221.62133333333333,768.9669343333337,0.2237269918968078
988.3933896666674,0.33006899999999995,330.06899999999996,658.3243896666675,0.3339449691294624
957.627656,0.42431366666666664,424.3136666666666,533.3139893333334,0.44308835903823
929.4724466666669,0.4870150000000002,487.0150000000002,442.45744666666667,0.5239692706831325
904.8135106666662,0.6128573333333334,612.8573333333334,291.9561773333328,0.6773299979592263
899.3746663333338,0.6410293333333331,641.0293333333332,258.34533300000066,0.7127500443688831
921.6009186666656,0.6654493333333336,665.4493333333336,256.15158533333204,0.7220580186661254
927.5899569999999,0.6782426666666665,678.2426666666665,249.34729033333338,0.7311880228417206
1051.8076120000005,0.7471203333333335,747.1203333333335,304.687278666667,0.7103203331193739
1197.9593966666662,0.7814326666666671,781.4326666666672,416.526729999999,0.6523031321771099
1296.6069016666659,0.7697560000000003,769.7560000000003,526.8509016666655,0.5936695223591295
1369.888685666668,0.7506596666666667,750.6596666666667,619.2290190000012,0.5479712873906626
1352.0999196666667,0.6948680000000003,694.8680000000003,657.2319196666664,0.5139176401780322
1337.9215560000018,0.6412629999999999,641.2629999999999,696.6585560000019,0.47929790586317383
1332.0505550000007,0.5473783333333335,547.3783333333336,784.6722216666672,0.41092909820778784
1369.5563420000003,0.5853190000000006,585.3190000000006,784.2373419999997,0.4273785473807112
1333.7236370000007,0.7491823333333338,749.1823333333339,584.5413036666669,0.5617223182896424
1273.427065666667,0.8143733333333337,814.3733333333337,459.0537323333333,0.6395131337239102
1198.1235746666675,0.8331673333333345,833.1673333333345,364.9562413333331,0.6953934894112501
1257.8532120000011,0.8272066666666674,827.2066666666674,430.64654533333373,0.6576337038177923
1265.2031566666683,0.8274533333333342,827.4533333333342,437.7498233333341,0.654008274460333
1233.277444999999,0.8290300000000009,829.0300000000009,404.24744499999815,0.672216947906642
1182.513776999999,0.8303926666666674,830.3926666666674,352.12111033333156,0.7022266317888897
1116.1790670000012,0.828735333333334,828.7353333333341,287.4437336666671,0.7424752513597652
1052.6139746666668,0.8293630000000004,829.3630000000004,223.25097466666637,0.7879080270263715
1004.6474530000011,0.8228909999999997,822.8909999999997,181.75645300000133,0.819084344008185
967.4507863333326,0.8205773333333329,820.577333333333,146.8734529999997,0.8481850910921738
937.5427519999994,0.8190319999999998,819.0319999999998,118.51075199999957,0.8735942955697878
912.8925583333336,0.8233006666666665,823.3006666666664,89.59189166666715,0.9018593252307424
913.425846000001,0.8228400000000003,822.8400000000004,90.58584600000063,0.9008284619964645
926.3097053333328,0.8193926666666671,819.3926666666671,106.91703866666569,0.8845774387863166
928.6861946666666,0.8143843333333336,814.3843333333336,114.30186133333291,0.8769208996647578
1039.0104829999998,0.8249973333333336,824.9973333333336,214.0131496666662,0.7940221459087374
1224.321948333334,0.8269580000000005,826.9580000000005,397.3639483333334,0.6754416198498574
1286.1888526666673,0.8262676666666668,826.2676666666669,459.9211860000005,0.6424155091638046
1360.6601692233323,0.8307120000000006,830.7120000000006,529.9481692233318,0.6105212887022133
1394.9326803333342,0.833419333333334,833.419333333334,561.5133470000003,0.5974620460782232
1424.8108956666674,0.834077666666667,834.077666666667,590.7332290000004,0.5853953455882319
1432.6225366666663,0.8360983333333339,836.0983333333339,596.5242033333324,0.5836138354201196
1421.7512243333347,0.8397073333333344,839.7073333333343,582.0438910000004,0.5906148128882932
1387.7868589358548,0.8397473333333342,839.7473333333342,548.0395256025206,0.6050982021671877
1343.2160806025597,0.8390590000000012,839.0590000000012,504.1570806025585,0.6246642011787141
1229.9716366666657,0.8365243333333345,836.5243333333345,393.4473033333312,0.6801167672454554
1262.6684500000013,0.8356456666666674,835.6456666666674,427.0227833333339,0.6618092553644359
1274.6090986666684,0.8354980000000007,835.4980000000007,439.11109866666766,0.6554935163055018
1243.5212186666665,0.8369480000000009,836.9480000000009,406.57321866666564,0.6730468185314897
1220.1442866666666,0.8389110000000007,838.9110000000007,381.2332866666659,0.687550652137901
1158.9550163333327,0.8374636666666673,837.4636666666672,321.4913496666654,0.7226023916926558
1087.3076520000006,0.8357520000000006,835.7520000000006,251.555652,0.7686435375146243
1028.026295666667,0.823956,823.956,204.070295666667,0.801493116930118
987.0690126666658,0.822233,822.233,164.83601266666585,0.833004571563497
945.4586599999994,0.8213856666666665,821.3856666666665,124.07299333333299,0.868769520463927
918.724180333333,0.8247339999999999,824.7339999999998,93.99018033333323,0.897694887817983
913.9373999999999,0.8245286666666665,824.5286666666665,89.40873333333343,0.9021719284785441
926.1850206666664,0.8237459999999998,823.7459999999998,102.43902066666669,0.8893968069220864
940.177685000001,0.8228863333333335,822.8863333333335,117.29135166666754,0.8752455482213797
1062.1177463333327,0.8278266666666669,827.8266666666669,234.29107966666572,0.7794113877905808
1146.9807136666655,0.8278960000000003,827.8960000000003,319.08471366666515,0.7218046390277865
1283.052777166667,0.8284740000000004,828.4740000000004,454.57877716666667,0.6457053168377832
1365.2832487773326,0.8322176666666675,832.2176666666675,533.0655821106651,0.609556784214523
1405.7250633333338,0.8357253333333338,835.7253333333338,569.99973,0.5945154960470116
1420.7248030000003,0.8363080000000006,836.3080000000006,584.4168029999997,0.5886488349003649
1431.0834786666676,0.8363886666666673,836.3886666666673,594.6948120000003,0.5844443592109148
1414.341485,0.8404673333333343,840.4673333333343,573.8741516666656,0.5942463982334042
1383.1245760000004,0.8405073333333343,840.5073333333343,542.6172426666661,0.6076873680923837
1312.2282333333328,0.8395360000000013,839.5360000000013,472.6922333333315,0.6397789490227666
1246.9080530616695,0.8365323333333343,836.5323333333343,410.3757197283352,0.6708853401654638
1284.746713666668,0.8339130000000007,833.9130000000007,450.83371366666734,0.6490874746976487
1271.4504426666674,0.8338593333333341,833.859333333334,437.5911093333334,0.6558331377701557
1246.1797923333347,0.8378030000000007,837.8030000000008,408.3767923333339,0.6722970514802737
1207.3130539999995,0.8400030000000006,840.0030000000006,367.3100539999989,0.6957623768060417
1153.4993280000012,0.8392210000000007,839.2210000000007,314.27832800000056,0.7275435534540682
1078.6760039999995,0.8359610000000006,835.9610000000006,242.71500399999888,0.7749880380207299
984.695513666667,0.8236100000000001,823.61,161.085513666667,0.8364108382429407
956.0296743333338,0.8230819999999998,823.0819999999998,132.94767433333402,0.8609377115558237
935.1947541019986,0.8225286666666665,822.5286666666665,112.66608743533209,0.87952660454825
917.7966393333334,0.8248209999999998,824.8209999999998,92.97563933333356,0.8986969058844354
911.7099063333329,0.8236446666666666,823.6446666666666,88.06523966666634,0.9034065122525184
918.9010206666674,0.823238,823.238,95.66302066666731,0.8958940968448775
929.3367046666659,0.8255116666666666,825.5116666666667,103.82503799999927,0.8882804935190425
1031.2936179999995,0.8303606666666669,830.3606666666668,200.93295133333265,0.8051641668034324
1194.2262856666673,0.828206666666667,828.2066666666669,366.0196190000004,0.6935089912246633
1252.1674191106677,0.8288690000000003,828.8690000000003,423.2984191106674,0.6619474259989063
1337.904873333333,0.8328936666666674,832.8936666666674,505.01120666666554,0.6225357895524727
1379.179564000001,0.8367923333333338,836.7923333333338,542.3872306666672,0.6067319696257718
1385.667948,0.8359586666666672,835.9586666666672,549.7092813333328,0.6032893146393736
1370.6350946666666,0.8378286666666674,837.8286666666675,532.8064279999992,0.6112704029882032
1364.8621150000008,0.8404673333333343,840.4673333333343,524.3947816666665,0.6157891878575102
1353.2483060000002,0.8399610000000008,839.9610000000008,513.2873059999994,0.6206998348165682
1296.208685,0.8373003333333344,837.3003333333344,458.9083516666657,0.6459610578317753
1206.817516666666,0.8356256666666675,835.6256666666675,371.19184999999857,0.6924208963876639
1248.9209001666663,0.833115333333334,833.115333333334,415.80556683333236,0.6670681331557156
1269.585593333333,0.8329676666666674,832.9676666666675,436.61792666666554,0.6560941389384289
1225.0758196666661,0.8347606666666677,834.7606666666677,390.3151529999984,0.6813951049117921
1185.2459193333327,0.8387286666666675,838.7286666666674,346.5172526666653,0.7076410498324505
1133.6368696666677,0.8387176666666676,838.7176666666676,294.91920300000015,0.7398468496470854
1060.861558333334,0.8391120000000011,839.1120000000011,221.74955833333286,0.7909721993492607
1003.8492213333319,0.8281400000000001,828.1400000000001,175.7092213333318,0.8249645289359776
956.1751486666664,0.8279493333333334,827.9493333333335,128.2258153333329,0.8658971470738005
927.0109660000005,0.8263323333333331,826.3323333333332,100.67863266666734,0.8913943455263643
899.9076699999999,0.8278580000000001,827.8580000000001,72.04966999999988,0.9199365974956076
891.6938286666661,0.826261,826.261,65.43282866666618,0.9266196237283523
889.1487926666664,0.8267356666666665,826.7356666666666,62.41312599999981,0.9298057574674142
877.9290698533339,0.8257710000000001,825.7710000000002,52.1580698533337,0.9405896539431743
962.3172285400013,0.8288893333333335,828.8893333333335,133.4278952066678,0.8613472862695178
1088.5639582600002,0.829881666666667,829.881666666667,258.68229159333316,0.7623637181532078
1147.1737306666666,0.8298660000000004,829.8660000000004,317.3077306666662,0.7234004561085385
1183.3453502199998,0.8322176666666675,832.2176666666675,351.1276835533323,0.7032753933684254
1171.675244666667,0.8335656666666671,833.5656666666671,338.10957799999983,0.711430637850346
1166.6437316666675,0.8340770000000003,834.0770000000003,332.5667316666671,0.7149371975011066
1144.8695740000012,0.8345086666666673,834.5086666666673,310.3609073333339,0.728911559550858
1116.078430333335,0.8374300000000008,837.4300000000007,278.6484303333343,0.7503325727295783
1104.706249666668,0.8368020000000007,836.8020000000007,267.9042496666674,0.7574882465383859
1088.9802916666674,0.8353066666666678,835.3066666666678,253.67362499999967,0.7670539798183527
1107.5819129999998,0.8362936666666676,836.2936666666676,271.28824633333215,0.7550625889163177
1141.4768926666668,0.8329563333333341,832.9563333333341,308.5205593333327,0.7297180860029668
1146.1290973333325,0.8329683333333341,832.968333333334,313.1607639999985,0.726766587875117
1149.219428,0.8349203333333343,834.9203333333343,314.29909466666584,0.7265108063708563
1134.7406576666647,0.8370293333333345,837.0293333333345,297.71132433333014,0.7376393254953025
1086.1244053333332,0.8366660000000014,836.6660000000013,249.45840533333194,0.7703224381034208
1023.0316363333335,0.8364013333333346,836.4013333333346,186.6303029999989,0.817571327834099
1014.1509106666657,0.8257883333333336,825.7883333333335,188.36257733333218,0.8142657317050482
968.5537546666673,0.8261330000000001,826.1330000000002,142.4207546666671,0.8529552397268008
936.2904359999993,0.8247676666666667,824.7676666666666,111.52276933333269,0.88088870179025
918.7485360000003,0.8266669999999999,826.6669999999999,92.08153600000037,0.8997750392061573
908.0086809040736,0.8274879999999998,827.4879999999998,80.52068090407374,0.9113216838148486
920.3580582093874,0.8264700000000001,826.4700000000001,93.88805820938728,0.8979874654522478
918.5289754486057,0.8265479999999998,826.5479999999999,91.98097544860582,0.8998605619341701
1021.7404416627468,0.8263906666666668,826.3906666666668,195.34977499608,0.8088068485591368
1171.865491422343,0.8293003333333338,829.3003333333337,342.5651580890093,0.7076753598459296
1271.4840699110314,0.8305856666666672,830.5856666666672,440.8984032443642,0.6532411111723839
1350.730843333333,0.833867333333334,833.8673333333339,516.8635099999991,0.6173452967695003
1371.285436333333,0.834296666666667,834.296666666667,536.9887696666661,0.6084048182539478
1395.2783371929365,0.8348893333333338,834.8893333333339,560.3890038596027,0.598367588084962
1406.5182656666664,0.8339293333333341,833.9293333333341,572.5889323333323,0.5929033086094089
1395.85461,0.8379903333333341,837.9903333333341,557.864276666666,0.6003421325759235
1354.185125333333,0.8394286666666676,839.4286666666676,514.7564586666654,0.6198773350578948
1299.364741,0.837659000000001,837.659000000001,461.7057409999991,0.6446681009331782
1227.2901079999995,0.8351580000000008,835.1580000000008,392.13210799999865,0.6804894739687751
1253.4781513333326,0.833912333333334,833.912333333334,419.56581799999856,0.6652787146280102
1257.381940666668,0.8340183333333341,834.0183333333341,423.3636073333339,0.6632975282682483
1244.7634883333337,0.8358160000000009,835.8160000000009,408.9474883333328,0.6714657104211099
1215.4043500000007,0.8360856666666678,836.0856666666679,379.31868333333284,0.6879074167100582
1144.1948179998265,0.8359416666666678,835.9416666666679,308.2531513331586,0.7305938232861273
1057.7398699999994,0.8364013333333346,836.4013333333346,221.33853666666482,0.7907438842532569
1004.1800753333318,0.8259463333333334,825.9463333333334,178.23374199999841,0.8225081871487694
952.4730789999998,0.8250093333333336,825.0093333333336,127.46374566666611,0.8661760122391174
928.1556029999989,0.8247669999999999,824.7669999999999,103.38860299999897,0.8886085450911198
921.6597186666669,0.8264306666666666,826.4306666666666,95.22905200000025,0.8966765606966476
910.1386630000003,0.8274859999999997,827.4859999999998,82.65266300000053,0.9091867356479938
917.303569666667,0.8266296666666667,826.6296666666667,90.67390300000034,0.9011516950348839
920.4840855725532,0.8281766666666666,828.1766666666665,92.30741890588672,0.8997186150714704
965.9731590000005,0.8263553333333336,826.3553333333335,139.61782566666693,0.8554640733380182
1159.269763,0.8293003333333338,829.3003333333337,329.9694296666663,0.7153644128414429
1207.4557080000004,0.8305856666666672,830.5856666666672,376.87004133333323,0.6878808565511928
1302.943363,0.833867333333334,833.8673333333339,469.07602966666616,0.6399873985415389
1349.0543830000006,0.834296666666667,834.296666666667,514.7577163333336,0.6184307150104464
1347.1940463333324,0.8348893333333338,834.8893333333339,512.3047129999985,0.6197246310623611
1368.0192953333346,0.8353276666666674,835.3276666666674,532.6916286666673,0.6106110268445663
1327.6385853333343,0.8393886666666674,839.3886666666674,488.2499186666669,0.6322418434802567
1290.2541720000008,0.8393846666666677,839.3846666666676,450.8695053333332,0.6505576070841544
1235.6687846666653,0.8369773333333344,836.9773333333344,398.69145133333086,0.6773476385576236
1205.8369010000004,0.836145000000001,836.145000000001,369.69190099999935,0.6934146726697334
1240.1367813333338,0.8359353333333339,835.9353333333339,404.2014479999999,0.6740670431809768
1262.8558306666653,0.8375096666666674,837.5096666666674,425.3461639999979,0.663187076726362
1231.3773816666676,0.8389970000000009,838.9970000000009,392.3803816666667,0.6813483928577765
1185.049681333334,0.840467333333334,840.467333333334,344.58234800000014,0.7092253992150772
1138.759109666666,0.8387536666666674,838.7536666666674,300.00544299999865,0.7365505659157227
1061.0848009999995,0.8387086666666672,838.7086666666672,222.3761343333323,0.7904256717995036
1002.9631299999999,0.8294046666666669,829.4046666666669,173.55846333333295,0.8269542935906996
969.4272263333337,0.8296186666666668,829.6186666666669,139.80855966666684,0.8557823053975232
934.4457626666655,0.8298810000000001,829.8810000000001,104.56476266666539,0.8880996984048976
914.9573279999994,0.8281703333333335,828.1703333333335,86.78699466666592,0.9051464019022907
909.7581888183338,0.7709183333333344,770.9183333333343,138.83985548499948,0.847388177219558
917.0926276666669,0.7419653333333335,741.9653333333334,175.12729433333345,0.8090407783792735
921.1085256666665,0.7014470000000005,701.4470000000005,219.66152566666608,0.7615248154307521
1048.7646693333334,0.757259666666667,757.259666666667,291.5050026666663,0.7220491772935421
1209.7017163333333,0.7866040000000004,786.6040000000004,423.09771633333287,0.6502462461442451
1257.2890992856674,0.7552830000000004,755.2830000000004,502.006099285667,0.6007234139142037
1275.951420444,0.7453636666666669,745.3636666666669,530.5877537773331,0.5841630447084721
1294.9227367253336,0.7006489999999999,700.6489999999999,594.2737367253337,0.5410739808089529
1261.8416506666676,0.5895139999999995,589.5139999999996,672.3276506666681,0.46718540292955313
1276.7033405796672,0.6234076666666664,623.4076666666664,653.2956739130008,0.48829485037895953
1285.1037005796672,0.7707173333333339,770.717333333334,514.3863672463333,0.599731627094132
1280.191146666668,0.8185516666666671,818.5516666666671,461.63948000000084,0.6393980061477483
1240.4072765000014,0.8160020000000007,816.0020000000006,424.4052765000008,0.6578500589761734
1181.249095414666,0.7748580000000004,774.8580000000004,406.39109541466564,0.6559649467735627
1200.7693359999992,0.6207249999999997,620.7249999999998,580.0443359999994,0.516939416580838
1225.897590066999,0.6508156666666666,650.8156666666665,575.0819234003326,0.5308890986816422
1193.4080529999999,0.6702486666666666,670.2486666666666,523.1593863333333,0.5616257280833572
1168.7222113333341,0.7295876666666667,729.5876666666668,439.13454466666735,0.6242609745854991
1118.8156079999992,0.611522,611.522,507.29360799999915,0.5465797899380043
1055.9896436666656,0.4339233333333335,433.9233333333335,622.0663103333321,0.41091627738567676
975.5029096666653,0.3591580000000002,359.1580000000002,616.3449096666652,0.36817727188812427
941.7614853333315,0.3469086666666666,346.9086666666666,594.8528186666649,0.36836149287192405
928.8620929999993,0.361481,361.481,567.3810929999993,0.38916541295436446
900.7437146666662,0.43591266666666645,435.91266666666644,464.8310479999997,0.4839474975720286
892.3995986666666,0.4784723333333334,478.4723333333334,413.92726533333325,0.5361637701857087
898.5515326666667,0.6294546666666667,629.4546666666668,269.096866,0.7005214990826507
912.1344403333328,0.7149616666666672,714.9616666666672,197.17277366666565,0.7838336489140676
1028.5023660000004,0.7206313333333336,720.6313333333336,307.8710326666668,0.7006608415846205
1200.4289286666665,0.8042670000000001,804.267,396.1619286666664,0.669983020896798
1273.3349503333325,0.8268266666666673,826.8266666666673,446.5082836666652,0.6493394895429685
1325.4519216666679,0.8317340000000005,831.7340000000005,493.7179216666674,0.6275097469805998
1337.5177869896677,0.8299983333333342,829.9983333333341,507.51945365633355,0.6205512490427507
1333.652203184333,0.7891676666666669,789.167666666667,544.4845365176661,0.5917342353444084
1324.4653848509997,0.7471449999999997,747.1449999999998,577.320384851,0.5641106279905174
1309.0781308510004,0.6960910000000001,696.0910000000001,612.9871308510003,0.5317413709657559
1262.7166538053355,0.7068086666666666,706.8086666666667,555.9079871386688,0.559752391430509
1235.676893706333,0.7365200000000002,736.5200000000002,499.15689370633277,0.5960457816693943
1198.0190724299998,0.6901116666666668,690.1116666666668,507.90740576333303,0.5760439733792218
1220.979271333332,0.4409736666666664,440.97366666666636,780.0056046666657,0.36116392556371163
1224.529614193334,0.4573006666666666,457.3006666666666,767.2289475266675,0.3734500671655181
1194.2862856666657,0.5342346666666671,534.2346666666671,660.0516189999986,0.44732546381745525
1146.3382426666658,0.5403970000000003,540.3970000000004,605.9412426666654,0.47141147340849726
1096.477440333333,0.4978683333333335,497.8683333333335,598.6091069999995,0.45406162955982
1011.4885269999993,0.5407396666666665,540.7396666666665,470.7488603333328,0.534597923982846
967.0179116666652,0.6098993333333333,609.8993333333334,357.1185783333318,0.6307011752059128
924.8403366666676,0.6281659999999997,628.1659999999997,296.67433666666784,0.6792156171129508
917.6866983333322,0.6790483333333331,679.0483333333332,238.638364999999,0.7399566045433534
901.5276036666666,0.729880333333334,729.880333333334,171.64727033333259,0.8096039770327454
896.2126383333331,0.7247473333333339,724.7473333333338,171.46530499999926,0.80867787658198
908.6724586666664,0.7223510000000005,722.3510000000006,186.32145866666588,0.7949520128077138
906.5550526666668,0.7161473333333337,716.1473333333337,190.40771933333315,0.7899656300262831
1009.7441726666666,0.7403416666666667,740.3416666666667,269.4025059999999,0.7331972659089223
1109.868985333333,0.8270373333333336,827.0373333333337,282.8316519999994,0.7451666316136809
1190.9898301696664,0.8261433333333337,826.1433333333337,364.8464968363328,0.6936611148187912
1288.7574413333327,0.8316103333333336,831.6103333333335,457.1471079999992,0.6452807228588799
1326.7312543333337,0.8321656666666674,832.1656666666673,494.5655876666664,0.6272300165905268
1292.989801000001,0.8327233333333339,832.7233333333339,460.26646766666715,0.644029313061328
1308.3932683333335,0.8325746666666672,832.5746666666672,475.81860166666627,0.6363336519815813
1292.6498053333344,0.825288333333334,825.288333333334,467.3614720000004,0.6384469559568902
1267.1017413333345,0.8183360000000006,818.3360000000006,448.76574133333395,0.6458329061554988
1255.3163198333336,0.812033666666667,812.0336666666669,443.2826531666667,0.646875734694885
1191.0004440000002,0.806014666666667,806.014666666667,384.9857773333332,0.6767542957076067
1249.5623649999995,0.808606666666667,808.606666666667,440.9556983333325,0.6471118923837526
1228.5305643333336,0.8286536666666675,828.6536666666675,399.8768976666661,0.6745079778428951
1206.8726129999998,0.8374166666666673,837.4166666666672,369.4559463333326,0.693873286746517
1165.7444706666654,0.8401106666666671,840.1106666666672,325.63380399999824,0.7206645090808151
1111.0206619999994,0.8395653333333345,839.5653333333345,271.45532866666497,0.7556703147374364
1050.7521876666672,0.8347626666666677,834.7626666666677,215.9895209999995,0.7944429490271797
983.5669039999992,0.823402666666667,823.402666666667,160.16423733333227,0.8371597939276204
939.9005946666666,0.8234076666666669,823.4076666666668,116.49292799999978,0.8760582463070856
919.6301099999994,0.8225456666666667,822.5456666666668,97.08444333333262,0.8944309866786194
911.0473783333322,0.8233683333333333,823.3683333333332,87.67904499999895,0.9037601697944636
904.5655686666665,0.8267599999999997,826.7599999999998,77.80556866666677,0.9139857061093398
915.7025549999995,0.8280253333333334,828.0253333333334,87.67722166666613,0.9042514174631017
922.5406356666662,0.8257216666666668,825.7216666666668,96.81896899999936,0.8950518109914649
1022.4158476666665,0.826198666666667,826.198666666667,196.21718099999953,0.8080847617456226
1193.2122600890089,0.8296573333333337,829.6573333333337,363.5549267556752,0.6953141206171017
1260.9476356666644,0.8292300000000005,829.2300000000005,431.7176356666639,0.6576244536606675
1324.5625693333332,0.8325366666666674,832.5366666666673,492.02590266666584,0.6285370626815252
1390.157654666667,0.8331583333333337,833.1583333333336,556.9993213333333,0.5993265084262036
1385.4789483333332,0.8338490000000004,833.8490000000004,551.6299483333328,0.6018489136937678
1378.0697120000004,0.8358830000000005,835.8830000000005,542.1867119999999,0.6065607514055865
1344.5922773333334,0.838730000000001,838.7300000000009,505.8622773333325,0.6237801704940732
1334.9178920000006,0.8371340000000009,837.1340000000009,497.7838919999997,0.6271052362222743
1263.1353353333345,0.8356603333333347,835.6603333333346,427.4750019999999,0.6615762459948984
1193.238056,0.835398000000001,835.3980000000009,357.840055999999,0.7001100876722297
1250.7614370000001,0.8351423333333339,835.1423333333339,415.6191036666662,0.6677071331336016
1230.5206619999988,0.8380253333333338,838.0253333333338,392.49532866666493,0.6810331262307033
1214.3571410000002,0.8392263333333342,839.2263333333342,375.130807666666,0.6910869175127896
1203.4436173333336,0.8386380000000007,838.6380000000007,364.80561733333286,0.6968652190439198
1143.3548566666666,0.8386050000000008,838.6050000000008,304.7498566666658,0.7334599534958616
1069.5385586666669,0.8408346666666675,840.8346666666675,228.7038919999993,0.7861658281071123
1011.1048903333326,0.8273853333333335,827.3853333333335,183.7195569999991,0.8182982213255521
961.8500930000009,0.8276936666666667,827.6936666666667,134.15642633333425,0.8605225208068529
939.4536839999996,0.8269090000000001,826.9090000000001,112.5446839999995,0.88020198769054
934.776031666666,0.8301120000000002,830.1120000000002,104.66403166666578,0.8880330388017607
928.4374623316676,0.8224140000000006,822.4140000000007,106.0234623316669,0.8858044115697349
931.4695802633344,0.8087206666666672,808.7206666666672,122.7489135966672,0.8682201585563696
934.371107000001,0.785167666666667,785.1676666666671,149.2034403333339,0.840316722964194
992.6477348393344,0.8049683333333336,804.9683333333336,187.67940150600077,0.8109305094657998
1160.6506689999992,0.8328086666666672,832.8086666666672,327.84200233333195,0.717536024326944
1235.700958666666,0.8288696666666671,828.8696666666671,406.83129199999905,0.670768814132042
1278.4402200000006,0.8326173333333339,832.6173333333339,445.8228866666667,0.6512759222588707
1338.1268140000009,0.8319980000000003,831.9980000000004,506.1288140000005,0.6217631926177064
1361.953495333333,0.8342480000000004,834.2480000000004,527.7054953333326,0.6125378016639411
1368.546380666666,0.8346863333333339,834.6863333333339,533.8600473333321,0.6099072308581384
1357.9940846666664,0.8382776666666675,838.2776666666675,519.7164179999988,0.6172911032027296
1338.616927,0.8383176666666675,838.3176666666675,500.29926033333254,0.6262565860013718
1253.854447999999,0.8353816666666677,835.3816666666677,418.4727813333312,0.6662509097440857
1191.007275333334,0.8356286666666677,835.6286666666676,355.3786086666664,0.7016150815978814
1220.0962479999996,0.8331160000000006,833.1160000000007,386.98024799999894,0.6828280976731608
1201.0105846666654,0.8329676666666674,832.9676666666675,368.04291799999794,0.6935556416414544
1218.6561620000007,0.8349196666666676,834.9196666666676,383.7364953333331,0.6851150412241276
1164.215993333335,0.8370286666666678,837.0286666666677,327.18732666666733,0.7189633809016159
1115.7503063333331,0.8359973333333346,835.9973333333346,279.7529729999985,0.7492691945392829
1033.5431016666666,0.8359806666666678,835.9806666666678,197.5624349999988,0.8088493506643174
983.3174739999992,0.8260466666666666,826.0466666666666,157.27080733333253,0.8400610062449346
942.7265686666659,0.8263699999999999,826.3699999999999,116.35656866666602,0.8765744251472264
934.0142209368861,0.8246736666666665,824.6736666666666,109.34055427021951,0.8829348078227944
923.2996738929137,0.8265083333333333,826.5083333333333,96.79134055958036,0.8951680117556216
907.4046525707403,0.8277216666666664,827.7216666666664,79.68298590407392,0.9121858305681743
919.6419506666667,0.8264700000000001,826.4700000000001,93.17195066666659,0.8986867110627953
923.2989161868356,0.8281766666666666,828.1766666666665,95.12224952016913,0.8969756729348087
1021.0441256666664,0.8263553333333336,826.3553333333335,194.6887923333329,0.8093238211363143
1210.820957666668,0.8286156666666671,828.615666666667,382.2052910000009,0.6843420254828296
1299.2649799999986,0.8291053333333338,829.1053333333338,470.1596466666648,0.6381341343729088
1351.4200599999992,0.8314650000000007,831.4650000000007,519.9550599999985,0.6152528178396295
1391.1534560000002,0.834400666666667,834.400666666667,556.7527893333332,0.5997905285487548
1398.8687396666664,0.8342480000000004,834.2480000000004,564.620739666666,0.5963733239180051
1406.639518000001,0.8357560000000006,835.7560000000007,570.8835180000004,0.5941508036034006
1413.0704440000009,0.8394923333333343,839.4923333333343,573.5781106666666,0.594090929364406
1389.2324539999997,0.8394516666666677,839.4516666666677,549.780787333332,0.6042557271460547
1300.0532626666663,0.8345746666666675,834.5746666666674,465.4785959999989,0.6419542111334652
1201.2261226666665,0.8339856666666673,833.9856666666673,367.2404559999992,0.6942786632172614
1230.1120053333332,0.832923333333334,832.923333333334,397.1886719999992,0.6771117830913537
1196.6263453333322,0.8329676666666674,832.9676666666675,363.65867866666474,0.6960967138281048
1205.2761049999995,0.8349203333333343,834.9203333333343,370.3557716666652,0.6927212195361118
1165.2231726666673,0.8386406666666677,838.6406666666677,326.5825059999996,0.7197253593467418
1086.830851333333,0.8395746666666678,839.5746666666678,247.25618466666515,0.7724980070603173
1017.9496386666652,0.8365610000000013,836.5610000000013,181.38863866666395,0.8218098108426551
978.5913353333333,0.8259463333333334,825.9463333333334,152.64500199999986,0.8440155798559109
934.0547329999995,0.8261313333333334,826.1313333333335,107.923399666666,0.8844570924446393
928.8474177606656,0.8248243333333335,824.8243333333335,104.02308442733215,0.8880084258853637
917.3207026666672,0.8290606666666667,829.0606666666666,88.26003600000058,0.9037849731904806
905.6125130360003,0.8270406666666669,827.0406666666669,78.57184636933346,0.9132390009652948
911.9900569283337,0.8302976666666669,830.2976666666669,81.69239026166679,0.910424034076847
923.9935119999993,0.8278103333333336,827.8103333333337,96.18317866666564,0.8959049198749507
1008.2083769999986,0.8311483333333333,831.1483333333333,177.06004366666525,0.8243814991961077
1122.2946820733348,0.8271500000000005,827.1500000000005,295.14468207333425,0.7370167686012002
1191.143295525666,0.8261090000000002,826.1090000000002,365.0342955256658,0.6935429205731526
1274.0971371106677,0.8287350000000003,828.7350000000004,445.3621371106674,0.6504488361690877
1301.6766993333326,0.8298943333333336,829.8943333333336,471.782365999999,0.6375579541051728
1304.4819756400007,0.8306040000000005,830.6040000000005,473.87797564000016,0.6367309135049507
1296.1366633066664,0.8313970000000006,831.3970000000006,464.73966330666576,0.641442390711304
1299.2904296666668,0.8375556666666675,837.5556666666674,461.73476299999936,0.6446254413507398
1263.0939366666676,0.8351520000000007,835.1520000000007,427.94193666666683,0.6611954786229004
1237.5358332063333,0.8322946666666673,832.2946666666672,405.2411665396661,0.6725418725939223
1188.338811,0.8274893333333345,827.4893333333346,360.8494776666655,0.6963412502171777
1198.3652316666653,0.8239006666666673,823.9006666666672,374.46456499999806,0.687520502844363
1201.875511,0.8267410000000008,826.7410000000008,375.1345109999992,0.6878757345776395
1161.572772333332,0.8294703333333341,829.4703333333341,332.10243899999796,0.714092438364511
1122.2200493333316,0.8331263333333341,833.1263333333341,289.0937159999976,0.7423912394260491
1070.8155149999996,0.8352296666666675,835.2296666666675,235.58584833333202,0.7799939905303557
1033.4469616666672,0.832212333333334,832.212333333334,201.23462833333326,0.8052782234621921
964.3645039999993,0.8250843333333334,825.0843333333335,139.28017066666587,0.8555731053051431
924.7569393333331,0.825302,825.302,99.45493933333307,0.8924528866957936
906.8808656666661,0.8229883333333337,822.9883333333337,83.89253233333238,0.9074933262908118
900.1042906666663,0.8185380000000004,818.5380000000005,81.56629066666585,0.9093812889101401
902.560632333333,0.8043133333333337,804.3133333333336,98.24729899999943,0.8911460399663047
911.2416876666667,0.7959500000000004,795.9500000000004,115.29168766666635,0.8734784753297632
911.4751566666671,0.7766900000000004,776.6900000000004,134.7851566666667,0.8521241575474354
1010.8282943333328,0.8010996666666671,801.0996666666671,209.72862766666572,0.7925180479786756
1156.9664876666668,0.8278810000000001,827.8810000000001,329.0854876666667,0.7155617805919722
1243.478115666667,0.8260166666666666,826.0166666666667,417.46144900000036,0.6642792150980588
1291.9237594126669,0.8280483333333338,828.0483333333339,463.875426079333,0.6409421045942992
1314.4331948373326,0.8307613333333337,830.7613333333337,483.6718615039989,0.6320300922072684
1309.9937015146659,0.8337636666666669,833.763666666667,476.2300348479989,0.6364638743702636
1300.3758771396663,0.8333516666666674,833.3516666666674,467.0242104729989,0.640854449330239
1303.7185391059995,0.8193130000000006,819.3130000000007,484.40553910599886,0.6284431611763603
1274.2530961843331,0.8315570000000008,831.5570000000008,442.6960961843323,0.6525838567628702
1239.3799546666667,0.8335546666666674,833.5546666666675,405.8252879999992,0.6725578088689141
1191.8157882883343,0.8302456666666677,830.2456666666676,361.57012162166666,0.6966224770851982
1210.3624669999992,0.8256833333333342,825.6833333333342,384.67913366666505,0.6821785670369227
1210.6855249999994,0.8270806666666676,827.0806666666675,383.6048583333319,0.6831507022987393
1209.526796333334,0.8289710000000009,828.9710000000009,380.5557963333331,0.6853680319551552
1181.0972463333342,0.8272983333333342,827.2983333333342,353.79891299999997,0.7004489561732926
1106.5585769999993,0.792320666666667,792.320666666667,314.23791033333237,0.7160223445330246
1045.5071143333334,0.7490220000000001,749.022,296.4851143333334,0.7164198021527698
982.1647396666664,0.7378176666666668,737.8176666666668,244.34707299999957,0.7512157959540192
952.2143629833322,0.7113503333333339,711.3503333333339,240.86402964999832,0.7470485228815915
916.4919639999988,0.7514203333333337,751.4203333333337,165.0716306666651,0.8198875307687201
891.3638451516669,0.7685486666666675,768.5486666666676,122.81517848499925,0.8622165581956018
885.3050504849989,0.778650333333334,778.650333333334,106.65471715166495,0.8795277208762833
902.9351703333334,0.8035396666666671,803.5396666666671,99.39550366666629,0.8899195568714277
916.3093799983334,0.8208996666666671,820.8996666666671,95.40971333166624,0.8958760922737256
1026.968469666666,0.8281396666666668,828.1396666666668,198.82880299999908,0.8063924951225279
1169.9765643333342,0.8296333333333338,829.6333333333338,340.3432310000004,0.7091025227552897
1257.4891625396676,0.8302976666666666,830.2976666666666,427.19149587300103,0.6602821649689364
1297.8557986190003,0.8312736666666668,831.2736666666668,466.5821319523335,0.6404977098004215
1317.0674139999985,0.8299643333333336,829.9643333333337,487.1030806666648,0.6301608592780313
1321.6934936399994,0.8314620000000003,831.4620000000002,490.23149363999914,0.6290883657981239
1339.3762659999993,0.8325420000000004,832.5420000000005,506.8342659999988,0.6215893331351602
1293.507640430666,0.835464000000001,835.464000000001,458.04364043066505,0.6458902706765907
1276.9900217020006,0.8393476666666673,839.3476666666672,437.64235503533337,0.6572860025546371
1211.1152461606664,0.8142450000000003,814.2450000000003,396.87024616066606,0.6723100898789137
1192.846506775,0.6134236666666665,613.4236666666665,579.4228401083336,0.5142519705449187
1198.4191537336658,0.5669893333333335,566.9893333333334,631.4298204003323,0.4731143786937003
1200.5658593333326,0.6636686666666668,663.6686666666668,536.8971926666658,0.552796551315559
1173.9821159999992,0.699377,699.3770000000001,474.60511599999916,0.5957305400723844
1151.4091993333332,0.7195950000000001,719.5950000000001,431.814199333333,0.6249689514523996
1113.8830549999984,0.7202480000000002,720.2480000000003,393.63505499999815,0.646610069851544
1048.0108113333338,0.737807666666667,737.8076666666669,310.20314466666684,0.7040076864550564
975.3753797486661,0.7565070000000008,756.5070000000009,218.86837974866523,0.7756060032958152
939.8708623166667,0.7545293333333343,754.5293333333343,185.3415289833324,0.8028010693655422
923.4920613333325,0.7469360000000007,746.9360000000007,176.55606133333174,0.8088169149192023
910.1801723333332,0.7494916666666671,749.4916666666671,160.68850566666606,0.8234541791272756
913.7383933333329,0.7526606666666669,752.6606666666669,161.07772666666597,0.8237157069880234
917.5323486666676,0.7481343333333337,748.1343333333336,169.398015333334,0.8153765198801999
914.636625333333,0.7609590000000008,760.9590000000009,153.67762533333212,0.8319795850321154
1041.3668373333328,0.7933750000000004,793.3750000000003,247.99183733333246,0.7618592906526825
1168.9336944146676,0.8278810000000001,827.8810000000001,341.0526944146675,0.7082360650186866
1285.9370543333337,0.8290979999999999,829.0979999999998,456.8390543333338,0.6447422890615963
1337.881001721334,0.8280483333333338,828.0483333333339,509.83266838800023,0.6189252499048545
1365.0630668626666,0.829783666666667,829.783666666667,535.2794001959995,0.6078720366918756
1345.5090503333327,0.8297936666666672,829.7936666666671,515.7153836666655,0.6167135527338864
1342.8477929733324,0.8306223333333338,830.6223333333338,512.2254596399986,0.6185528528845183
1318.1183313333324,0.8323306666666674,832.3306666666674,485.787664666665,0.6314536767156024
1279.1876522063335,0.8313583333333342,831.3583333333341,447.82931887299935,0.6499111618998302
1212.3147625000001,0.8302330000000008,830.2330000000007,382.0817624999994,0.6848328715291055
1149.7886926666667,0.8331766666666675,833.1766666666674,316.61202599999933,0.7246345976270722
1172.7287303333328,0.8319083333333337,831.9083333333336,340.82039699999916,0.7093783172659841
1176.9805003333336,0.8337540000000003,833.7540000000004,343.2265003333332,0.7083838685210777
1182.606812333334,0.8337603333333338,833.7603333333337,348.84647900000016,0.7050190516730483
1152.1444733333324,0.8330443333333337,833.0443333333337,319.10013999999865,0.723038084731863
1093.9813630000003,0.8333543333333341,833.3543333333341,260.6270296666662,0.7617628247779701
1032.8309686666682,0.8298616666666674,829.8616666666674,202.96930200000088,0.8034825560449413
977.3860360000006,0.8214393333333336,821.4393333333336,155.94670266666697,0.8404451292297092
940.0030389999993,0.8216829999999999,821.683,118.32003899999927,0.874128025026524
913.0796069999992,0.8214406666666666,821.4406666666666,91.63894033333258,0.8996375128402877
896.0810663333332,0.8231936666666667,823.1936666666667,72.88739966666651,0.9186598150489733
889.7323653333332,0.8239506666666665,823.9506666666665,65.78169866666667,0.9260657460268719
896.0817253333322,0.8246753333333331,824.6753333333331,71.40639199999907,0.9203126344603929
895.6944499999997,0.8222959999999999,822.2959999999999,73.3984499999998,0.91805414223567
1002.417175,0.8249453333333331,824.9453333333331,177.47184166666693,0.8229561044116518
1171.496553,0.8271146666666671,827.1146666666671,344.3818863333329,0.7060325227151284
1247.1035013333337,0.8244226666666671,824.422666666667,422.68083466666667,0.6610699639486539
1332.7785510000003,0.8288666666666671,828.8666666666671,503.9118843333332,0.621908767998073
1355.442696333333,0.8325643333333339,832.5643333333339,522.8783629999991,0.6142379427662563
1347.6841900000009,0.8340770000000003,834.0770000000003,513.6071900000005,0.6188964790037345
1336.449386000001,0.8360983333333339,836.0983333333339,500.351052666667,0.6256116708136475
1349.2894090000007,0.8395623333333342,839.5623333333342,509.72707566666645,0.6222255416319908
1352.861987,0.8394920000000009,839.4920000000009,513.3699869999991,0.6205304074376368
1298.9386559999996,0.8364753333333346,836.4753333333346,462.463322666665,0.6439683117209
1221.6967333333328,0.8362936666666676,836.2936666666676,385.40306666666515,0.6845345852606858
1233.4036453333338,0.8341506666666672,834.1506666666671,399.25297866666665,0.6762998227082696
1230.9859516666675,0.8360783333333339,836.078333333334,394.9076183333335,0.6791940494538896
1204.3667976666661,0.837296333333334,837.296333333334,367.0704643333321,0.695217050947857
1180.1839563333347,0.8350520000000005,835.0520000000005,345.1319563333342,0.7075608810972057
1119.975045333335,0.8318690000000006,831.8690000000006,288.10604533333435,0.7427567278987129
1046.7501320000003,0.8318363333333341,831.8363333333341,214.91379866666625,0.7946847178743263
990.5933496666663,0.8222983333333334,822.2983333333334,168.2950163333329,0.830106858288556
942.3647376666664,0.8239649999999998,823.9649999999998,118.39973766666662,0.874358904854792
917.1095076666662,0.8196203333333331,819.6203333333331,97.48917433333315,0.8936995271356769
898.0694250000003,0.8239213333333333,823.9213333333333,74.14809166666691,0.9174361250894753
903.959163333333,0.8247336666666664,824.7336666666664,79.22549666666657,0.9123572171396283
920.426006333333,0.8262856666666668,826.2856666666668,94.14033966666625,0.8977209042129419
925.9531746666665,0.8227563333333332,822.7563333333331,103.1968413333334,0.888550691161588
1053.9579773333335,0.8247309999999999,824.7309999999999,229.2269773333336,0.7825084279799172
1168.804557666665,0.8257263333333335,825.7263333333334,343.0782243333316,0.7064708363062568
1280.4621366666677,0.8248786666666669,824.8786666666668,455.58347000000083,0.6442038722160207
1354.0762119999995,0.8293830000000004,829.3830000000004,524.6932119999991,0.612508360053814
1364.1929257931351,0.8319980000000003,831.9980000000004,532.1949257931348,0.6098829456370922
1360.1267236666677,0.8352363333333339,835.236333333334,524.8903903333337,0.6140871426168883
1359.3230245262705,0.8359066666666674,835.9066666666673,523.4163578596032,0.6149433589988547
1356.366399499999,0.8405593333333343,840.5593333333343,515.8070661666648,0.6197140637243682
1355.5612443333334,0.8394113333333343,839.4113333333343,516.1499109999992,0.6192352701453616
1282.1913109679451,0.8369773333333344,836.9773333333344,445.2139776346107,0.6527710226810755
1203.867701999999,0.8354436666666676,835.4436666666676,368.4240353333315,0.6939663430447843
1231.0478076666682,0.8310690000000006,831.0690000000006,399.97880766666754,0.6750907599398689
1238.4101086666683,0.832232333333334,832.232333333334,406.17777533333424,0.6720167475291002
1209.2905466666657,0.8311503333333339,831.1503333333338,378.1402133333319,0.687304085543667
1162.633943999999,0.8300860000000004,830.0860000000005,332.54794399999855,0.7139702090101725
1118.272100000002,0.8300456666666675,830.0456666666674,288.2264333333345,0.742257333136243
1068.6490483333332,0.8282360000000006,828.2360000000007,240.41304833333254,0.775030868451826
1011.9685603333324,0.8212899999999999,821.2899999999998,190.6785603333326,0.8115765965391998
989.4575203333324,0.821399333333333,821.3993333333331,168.0581869999993,0.8301511853248806
948.6733423333334,0.8202056666666667,820.2056666666667,128.46767566666665,0.8645817586159945
925.9574126666666,0.8219306666666665,821.9306666666665,104.02674600000012,0.8876549346903404
923.7486613333326,0.8219286666666664,821.9286666666665,101.81999466666616,0.8897752181641055
927.0351419999992,0.8219826666666665,821.9826666666665,105.05247533333261,0.886679079817092
926.6571869999991,0.8238346666666665,823.8346666666665,102.82252033333259,0.8890393105715666
1033.066871666666,0.8232679999999998,823.2679999999998,209.79887166666617,0.796916465506058
1199.7966489999997,0.8257263333333335,825.7263333333334,374.07031566666626,0.6882219032879909
1245.864542539667,0.8248786666666669,824.8786666666668,420.98587587300005,0.6620933805413309
1296.2387006666665,0.8292826666666671,829.2826666666671,466.9560339999995,0.6397607680129902
1316.8778929999992,0.8311340000000004,831.1340000000004,485.7438929999988,0.6311397620219605
1356.3965349999999,0.8318513333333338,831.8513333333339,524.545201666666,0.6132803438143064
1362.0888640000003,0.833096666666667,833.096666666667,528.9921973333333,0.611631655382704
1384.020947953334,0.8375086666666675,837.5086666666674,546.5122812866665,0.6051271607594962
1355.9622210000002,0.8360403333333343,836.0403333333343,519.921887666666,0.6165660963008011
1282.887908,0.8345666666666677,834.5666666666676,448.3212413333323,0.6505374799016873
1209.529620333333,0.8339856666666673,833.9856666666673,375.54395366666574,0.6895123960972779
1251.9706603333352,0.8309176666666672,830.9176666666672,421.05299366666804,0.6636878107394598
1253.109471666668,0.8320000000000008,832.0000000000008,421.1094716666672,0.6639483770667053
1233.5699196666646,0.832648333333334,832.648333333334,400.92158633333065,0.6749907889763819
1204.0043839999992,0.833131333333334,833.131333333334,370.8730506666651,0.6919670263703414
1146.2279346666676,0.8322400000000009,832.2400000000009,313.98793466666666,0.7260685024589137
1083.2738643333341,0.8290680000000005,829.0680000000004,254.2058643333337,0.7653355511445146
1017.0282033333335,0.8205883333333334,820.5883333333334,196.43987000000016,0.8068491420826247
974.3704319999999,0.8208319999999999,820.8319999999999,153.53843200000006,0.8424229359209454
938.8185696666667,0.8212559999999997,821.2559999999996,117.56256966666706,0.8747760499577587
918.3365071733323,0.8230976666666665,823.0976666666666,95.23884050666572,0.8962920021552734
923.017753173333,0.8234989999999999,823.4989999999999,99.51875317333304,0.8921811061258705
930.6203471733332,0.8235483333333332,823.5483333333332,107.07201384000007,0.884945548240783
939.3902710133335,0.821653,821.653,117.7372710133335,0.8746662865836063
1036.5206214766654,0.8233813333333332,823.3813333333331,213.13928814333224,0.7943704314925388
1156.818105333332,0.8257263333333335,825.7263333333334,331.0917719999985,0.7137909836701631
1297.6105033333345,0.825523666666667,825.5236666666669,472.0868366666675,0.6361875651792591
1347.8886649999981,0.8303643333333339,830.3643333333339,517.5243316666642,0.6160481610202836
1367.0294816666672,0.8328050000000004,832.8050000000004,534.2244816666667,0.6092077831303636
1323.3103536666674,0.8342480000000004,834.2480000000004,489.06235366666704,0.6304250531165583
1318.241281666668,0.835753333333334,835.753333333334,482.4879483333341,0.6339911706274902
1357.3257373333333,0.8393886666666674,839.3886666666674,517.9370706666659,0.6184135786858137
1372.8681760000013,0.8385110000000009,838.5110000000009,534.3571760000004,0.6107731351476823
1307.058717333332,0.836890000000001,836.890000000001,470.16871733333096,0.6402849305098002
1203.0366213333334,0.834927333333334,834.927333333334,368.1092879999994,0.6940165565433731
1229.2883793333342,0.8312736666666672,831.2736666666673,398.0147126666669,0.6762234807079868
1250.4117020000008,0.831564333333334,831.564333333334,418.84736866666674,0.6650324305212985
1214.936449666667,0.8337176666666674,833.7176666666674,381.2187829999996,0.6862232727443549
1167.325019333333,0.8336640000000007,833.6640000000008,333.6610193333323,0.7141661372735005
1091.634664666667,0.8333543333333341,833.3543333333341,258.2803313333329,0.763400394204045
1035.1727033333345,0.8305600000000007,830.5600000000007,204.6127033333338,0.8023395490680295
985.205351999999,0.8248163333333333,824.8163333333333,160.38901866666572,0.8372024488690903
950.9566223333337,0.8223776666666667,822.3776666666666,128.57895566666707,0.864789883526783
910.0748303333329,0.820819333333333,820.819333333333,89.25549699999988,0.9019251010740421
891.9551086666664,0.8266739999999999,826.6739999999999,65.28110866666657,0.9268112172548104
892.9393440000001,0.8253279999999998,825.3279999999999,67.61134400000026,0.9242822656944095
914.8735763333331,0.8255600000000001,825.5600000000001,89.313576333333,0.9023760455610845
940.7491726666664,0.8224696666666664,822.4696666666664,118.27950599999997,0.8742709433751373
1055.646538666665,0.8253673333333331,825.3673333333331,230.2792053333319,0.7818595553544029
1176.6178533333316,0.8285880000000004,828.5880000000004,348.0298533333312,0.7042116500719664
1226.4857926666668,0.8236413333333336,823.6413333333336,402.84445933333325,0.6715457596476065
1288.288998833335,0.826725666666667,826.725666666667,461.5633321666679,0.6417237649435366
1318.4494389999998,0.8297843333333338,829.7843333333337,488.665105666666,0.6293637880893618
1335.0310079999995,0.8304460000000004,830.4460000000004,504.5850079999991,0.6220424806792209
1302.2583023333325,0.8355380000000007,835.5380000000007,466.7203023333318,0.6416069672989746
1253.2585026666654,0.838094000000001,838.094000000001,415.1645026666645,0.6687319481309855
1270.366818333333,0.8355293333333342,835.5293333333342,434.83748499999876,0.6577071451138129
1223.900642166667,0.8329573333333343,832.9573333333343,390.9433088333327,0.6805759427160303
1183.883791333333,0.829412333333334,829.412333333334,354.47145799999896,0.7005859353807181
1226.2602906666668,0.7758536666666667,775.8536666666666,450.4066240000002,0.6326990057264817
1212.8674290000008,0.7420973333333333,742.0973333333333,470.77009566666754,0.6118536252104538
1174.5697943333341,0.6656473333333334,665.6473333333333,508.9224610000008,0.5667158618795773
1121.2065083333325,0.6132570000000003,613.2570000000003,507.94950833333223,0.5469616840804854
1067.0611303333333,0.5916573333333331,591.6573333333331,475.40379700000017,0.5544737002541819
1017.3229720000013,0.5450113333333332,545.0113333333331,472.31163866666816,0.5357308822604002
979.6841823333311,0.5224406666666668,522.4406666666667,457.2435156666644,0.5332745757131248
940.0284166666654,0.467698666666667,467.698666666667,472.3297499999984,0.49753673226722595
914.5475116666669,0.34463800000000017,344.63800000000015,569.9095116666667,0.3768399078271325
896.199017999999,0.25181866666666647,251.81866666666647,644.3803513333326,0.2809852070900916
887.2991951866675,0.1864100000000001,186.4100000000001,700.8891951866674,0.21008697067597779
886.6114907066669,0.184243,184.243,702.368490706667,0.20780578859084098
889.4605795333352,0.24757033333333306,247.57033333333305,641.8902462000021,0.27833761161537185
898.8150595400007,0.3352586666666664,335.25866666666644,563.5563928733343,0.3730007225716117
947.811684593335,0.5793016666666669,579.301666666667,368.51001792666807,0.6111991190689111
1004.2679919600006,0.6532919999999997,653.2919999999997,350.9759919600009,0.6505156046295857
1073.558840926668,0.6329446666666666,632.9446666666666,440.6141742600013,0.5895761299122881
1089.3386883333337,0.5745430000000002,574.5430000000002,514.7956883333335,0.5274236618540001
1089.7709116266678,0.46589133333333344,465.8913333333334,623.8795782933344,0.42751309322242015
1078.8082923333338,0.4720076666666666,472.0076666666666,606.8006256666672,0.4375269174523772
1067.230504,0.5798210000000001,579.8210000000001,487.40950399999997,0.5432950031195886
1054.7829073333328,0.6849590000000004,684.9590000000004,369.8239073333324,0.6493838639570783
1046.7229310000002,0.6911683333333335,691.1683333333335,355.5545976666667,0.660316415035464
1061.3638836666676,0.7480396666666664,748.0396666666664,313.3242170000011,0.7047909564083077
1122.3889779999993,0.6965159999999999,696.516,425.8729779999993,0.6205656092962812
1116.061576,0.6938836666666669,693.883666666667,422.1779093333331,0.6217252538641891
1095.872806,0.7383290000000001,738.3290000000002,357.5438059999999,0.6737360357493898
1062.8964136666664,0.7650480000000003,765.0480000000002,297.84841366666615,0.7197766312531053
1021.0258666666654,0.7897810000000003,789.7810000000003,231.24486666666508,0.7735171319198717
975.6052083333337,0.8172706666666673,817.2706666666672,158.3345416666665,0.837706338266525
998.1452306666658,0.8218800000000002,821.8800000000001,176.26523066666573,0.8234072304799399
959.049718,0.8227983333333331,822.7983333333331,136.25138466666692,0.8579308433030925
933.4083936666647,0.8219499999999998,821.9499999999998,111.45839366666485,0.880589895673824
911.7518183333326,0.8222336666666665,822.2336666666665,89.51815166666609,0.9018174136133846
905.5493543333325,0.823271333333333,823.271333333333,82.27802099999951,0.9091402134999337
917.3656216666651,0.8224243333333333,822.4243333333333,94.94128833333184,0.8965065987966249
910.5044979999994,0.8227803333333333,822.7803333333334,87.72416466666607,0.9036532330599578
1039.5808691666657,0.8252423333333333,825.2423333333332,214.33853583333246,0.7938221621900877
1174.6347826666663,0.8264466666666671,826.446666666667,348.18811599999924,0.7035775535187716
1257.256496,0.8254040000000002,825.4040000000002,431.85249599999975,0.6565120185308633
1345.2762466666682,0.8283353333333335,828.3353333333336,516.9409133333346,0.6157362366174135
1379.3044146666655,0.8310503333333337,831.0503333333337,548.2540813333318,0.6025140820956282
1355.0209320000001,0.8317380000000004,831.7380000000004,523.2829319999997,0.6138193000253964
1319.6598799999992,0.8332950000000006,833.2950000000005,486.3648799999987,0.6314467936996015
1311.967295579667,0.8360350000000007,836.0350000000008,475.9322955796663,0.6372376832995787
1277.704257333334,0.8349946666666674,834.9946666666674,442.7095906666666,0.6535116885415759
1226.5457100000008,0.8333943333333339,833.3943333333339,393.1513766666669,0.6794645536148288
1186.4385376666685,0.8315530000000005,831.5530000000006,354.8855376666679,0.7008816500814191
1221.2126583333331,0.8301726666666672,830.1726666666672,391.03999166666597,0.6797936960460734
1215.96404643,0.8318256666666674,831.8256666666673,384.13837976333275,0.6840873865546101
1203.0572269999996,0.834753333333334,834.753333333334,368.30389366666554,0.6938600380755905
1164.939592999999,0.8349550000000004,834.9550000000005,329.9845929999984,0.7167367346917887
1113.7142510000006,0.8334383333333337,833.4383333333337,280.2759176666668,0.7483412666983403
1043.5992663333332,0.8326553333333336,832.6553333333336,210.94393299999956,0.7978688373927789
993.5254633333323,0.8243473333333332,824.3473333333332,169.1781299999991,0.8297193818944537
958.4818286666666,0.8228886666666667,822.8886666666667,135.5931619999999,0.8585334036132725
916.8161526666667,0.8213506666666663,821.3506666666664,95.46548600000028,0.8958728140616548
893.1137113333328,0.8250013333333331,825.0013333333332,68.1123779999997,0.9237360515960342
888.3794076666667,0.8267503333333331,826.7503333333332,61.629074333333506,0.9306275294075055
895.2034359999997,0.8256463333333331,825.6463333333331,69.55710266666654,0.9223002282280488
906.9566630000008,0.8243663333333331,824.366333333333,82.5903296666678,0.9089368510800965
1054.7933116666659,0.8253989999999999,825.3989999999999,229.394311666666,0.7825220267047363
1173.9759879999997,0.8257616666666668,825.7616666666669,348.2143213333328,0.7033888896428324
1222.124699666666,0.8256863333333335,825.6863333333336,396.4383663333324,0.6756154536100442
1319.014980333332,0.8303643333333339,830.3643333333339,488.6506469999981,0.6295336639190331
1385.2701929999992,0.8331353333333338,833.1353333333337,552.1348596666654,0.6014244279154386
1369.344454999999,0.8332140000000002,833.2140000000003,536.1304549999987,0.6084765574926149
1366.877175999998,0.8354303333333339,835.4303333333339,531.446842666664,0.6111963444865768
1360.6530739499995,0.8397073333333344,839.7073333333343,520.9457406166651,0.6171355133867072
1349.3086356666659,0.8397473333333342,839.7473333333342,509.5613023333317,0.6223537826232263
1276.2341336666664,0.8383823333333345,838.3823333333345,437.8518003333319,0.6569189079159261
1212.540045666668,0.8362936666666676,836.2936666666676,376.2463790000004,0.6897039562985023
1237.813988666668,0.8335993333333341,833.5993333333341,404.2146553333338,0.6734447509607316
1261.5977643798535,0.8351070000000008,835.1070000000008,426.49076437985275,0.6619439440830834
1219.5939200000005,0.8359320000000005,835.9320000000005,383.66192,0.6854183071034006
1173.787844333332,0.8349550000000004,834.9550000000005,338.83284433333154,0.7113338275148214
1122.0891550000001,0.8326056666666669,832.6056666666669,289.4834883333332,0.742013825689873
1066.5779973311508,0.832443666666667,832.443666666667,234.13433066448374,0.7804808169207059
1024.820844666667,0.8276240000000004,827.6240000000004,197.1968446666666,0.8075792020694048
991.5678439999992,0.8291570000000001,829.1570000000002,162.4108439999991,0.8362080366131768
959.4505643333326,0.8281310000000003,828.1310000000003,131.31956433333232,0.8631304527663927
939.360492666667,0.8301276666666669,830.127666666667,109.23282600000005,0.8837157546514345
929.4453443333334,0.8296240000000004,829.6240000000004,99.82134433333306,0.8926011680601486
940.0086830000001,0.8260580000000002,826.0580000000002,113.95068299999991,0.878776988914261
949.7275562633317,0.8221766666666667,822.1766666666666,127.55088959666512,0.8656973899983387
1049.6823766666673,0.8245030000000009,824.5030000000008,225.17937666666649,0.7854785583980768
1229.6979256666666,0.826423666666667,826.423666666667,403.2742589999996,0.6720542089380455
1306.532475666667,0.8220133333333337,822.0133333333337,484.51914233333343,0.6291564493365508
1356.2827886666655,0.8238646666666671,823.8646666666672,532.4181219999983,0.6074431332101413
1369.6744389999983,0.827206333333334,827.206333333334,542.4681056666643,0.6039437619477507
1363.8949446666666,0.8279020000000007,827.9020000000007,535.9929446666658,0.6070130278269625
1394.1916519999993,0.8259263333333343,825.9263333333344,568.2653186666649,0.5924051633421592
1397.234338,0.7454753333333337,745.4753333333338,651.7590046666662,0.5335363675648042
1370.1131323333334,0.6837203333333338,683.7203333333338,686.3927989999996,0.49902472810324994
1301.4234225000014,0.7480723333333336,748.0723333333335,553.3510891666679,0.5748108727721417
1226.0416431666679,0.785775666666667,785.775666666667,440.2659765000009,0.640904549242826
1277.0117353333335,0.768615333333333,768.615333333333,508.39640200000053,0.6018858809725067
1263.5122186666663,0.7895000000000005,789.5000000000006,474.0122186666657,0.6248455601269358
1250.496336,0.801061333333334,801.061333333334,449.4350026666659,0.6405947064952728
1218.7659650000007,0.8082493333333339,808.2493333333339,410.51663166666685,0.6631702529807135
1144.186122666667,0.8075143333333339,807.5143333333339,336.6717893333331,0.705754350045185
1082.9058793333322,0.8034810000000008,803.4810000000008,279.42487933333143,0.7419675295277246
1018.2960359999997,0.8044396666666671,804.4396666666671,213.85636933333262,0.7899860533942679
971.4375683333329,0.8012716666666669,801.271666666667,170.16590166666595,0.8248308412051486
939.5033809999995,0.7879016666666668,787.9016666666669,151.60171433333267,0.8386363291508658
918.6027683333327,0.7789276666666668,778.9276666666668,139.6751016666659,0.8479483118474752
919.306565,0.7652010000000005,765.2010000000005,154.1055649999995,0.8323676008992719
924.387135666666,0.750838666666667,750.838666666667,173.54846899999905,0.8122556423561258
927.0113846666661,0.7242960000000003,724.2960000000003,202.71538466666584,0.7813237377450785
1021.6115031433333,0.7522766666666669,752.2766666666669,269.3348364766664,0.736362760552356
1180.5203273333327,0.7974040000000003,797.4040000000003,383.1163273333324,0.675468250344532
1267.299461333333,0.7900493333333335,790.0493333333335,477.25012799999956,0.6234117171501975
1341.554779636667,0.7818623333333334,781.8623333333335,559.6924463033336,0.5828031364810053
1382.0622632879247,0.7547710000000003,754.7710000000003,627.2912632879244,0.5461193898778488
1393.765301283333,0.7447550000000001,744.7550000000001,649.0103012833329,0.5343474968951044
1385.6713876666663,0.7430120000000004,743.0120000000004,642.6593876666659,0.5362108264724721
1381.6036290740185,0.745960666666667,745.9606666666671,635.6429624073514,0.5399237892611982
1341.1015978479447,0.7519703333333335,751.9703333333335,589.1312645146112,0.5607109368447659
1270.2080383333341,0.7527553333333332,752.7553333333332,517.452705000001,0.5926236573979163
1212.6634986666675,0.7565659999999998,756.5659999999998,456.09749866666766,0.6238878310692535
1261.3088849999974,0.7369679999999996,736.9679999999996,524.3408849999978,0.5842882808202855
1267.1802026666655,0.7538863333333333,753.8863333333334,513.2938693333322,0.5949322217525559
1237.8734360000024,0.7458576666666665,745.8576666666665,492.0157693333358,0.6025314422101107
1185.1699419999993,0.7434483333333334,743.4483333333334,441.72160866666593,0.6272925991345584
1125.288100999999,0.7346509999999998,734.6509999999998,390.6371009999991,0.6528559213832836
1050.1811633333357,0.7213803333333331,721.380333333333,328.80083000000263,0.6869103717720761
993.760495,0.7401263333333329,740.1263333333329,253.63416166666707,0.7447733503768762
960.5878480000008,0.7499343333333328,749.9343333333328,210.653514666668,0.7807035399154166
935.6234723333328,0.7498923333333332,749.8923333333331,185.73113899999964,0.8014894404724494
921.3497469999999,0.7542460000000004,754.2460000000004,167.10374699999943,0.8186315809559782
919.0788953333325,0.7637606666666669,763.7606666666669,155.31822866666562,0.8310066421334431
933.1356160000009,0.7631540000000002,763.1540000000002,169.9816160000007,0.8178382508550606
932.8923656666667,0.7587026666666672,758.7026666666671,174.18969899999956,0.8132799608928951
1027.2515593333314,0.8133373333333341,813.3373333333342,213.91422599999726,0.7917606217713372
1183.0213,0.8293966666666672,829.3966666666672,353.6246333333329,0.7010834603456989
1282.1022993333338,0.8217876666666671,821.7876666666672,460.3146326666666,0.6409688736179472
1342.132957976668,0.804312666666667,804.312666666667,537.8202913100009,0.5992794245059061
1345.0531296666682,0.7536240000000004,753.6240000000004,591.4291296666678,0.5602931091552971
1320.9091207556771,0.7099043333333335,709.9043333333335,611.0047874223436,0.5374361658788497
1305.90097421666,0.6003560000000004,600.3560000000004,705.5449742166595,0.4597255165998493
1290.9988937943172,0.465065,465.065,825.9338937943171,0.3602365596403791
1273.3334317073081,0.30616166666666667,306.1616666666667,967.1717650406415,0.24044108090067162
1232.4803401887161,0.304443,304.44300000000004,928.0373401887161,0.24701651626620189
1211.128051888366,0.5237963333333335,523.7963333333336,687.3317185550324,0.4324863357897136
1246.4882037131847,0.5178413333333338,517.8413333333339,728.6468703798508,0.4154402198037074
1273.6388896666656,0.6724333333333334,672.4333333333334,601.2055563333322,0.5279623123861438
1234.6931973333344,0.744225,744.225,490.4681973333344,0.6027610758748507
1172.2498853333332,0.8010453333333342,801.0453333333342,371.204551999999,0.6833400824821187
1130.748915666667,0.8113956666666674,811.3956666666674,319.35324899999966,0.7175736853908762
1077.2707933333347,0.8019126666666676,801.9126666666676,275.3581266666671,0.7443928412700739
1010.3112353333335,0.7838519999999998,783.8519999999997,226.4592353333337,0.7758520073681872
951.210679666666,0.776819666666667,776.819666666667,174.39101299999902,0.8166641557671418
920.8565850000006,0.7671643333333339,767.1643333333338,153.69225166666672,0.8330986017039053
901.2246666666659,0.7823630000000001,782.3630000000002,118.86166666666577,0.8681109482874053
896.655118666665,0.7930516666666667,793.0516666666667,103.60345199999824,0.8844556286545739
925.7954313333327,0.8063913333333338,806.3913333333338,119.40409799999884,0.8710253972326988
951.1825586666663,0.8103010000000004,810.3010000000004,140.8815586666659,0.8518879920757287
1039.3951559999998,0.8300560000000007,830.0560000000007,209.3391559999991,0.7985952168512904
1129.0248136666653,0.8278223333333341,827.8223333333341,301.2024803333312,0.7332189012257984
1179.6467746666676,0.8246510000000007,824.6510000000006,354.995774666667,0.6990660405382976
1285.761806000001,0.8269656666666674,826.9656666666674,458.7961393333335,0.6431717467478318
1334.6713250000005,0.8273576666666672,827.3576666666672,507.31365833333325,0.6198961880496435
1322.8742420000003,0.8276446666666674,827.6446666666674,495.22957533333295,0.6256412290675376
1338.050729,0.8321073333333345,832.1073333333345,505.94339566666554,0.62188025857227
1358.440130333334,0.8357576666666678,835.7576666666679,522.6824636666662,0.6152333459565786
1343.7546198333343,0.8359306666666677,835.9306666666677,507.8239531666667,0.6220857992438739
1276.1648131666677,0.8338913333333348,833.8913333333347,442.273479833333,0.6534354534224477
1213.937879666667,0.829354000000001,829.3540000000011,384.5838796666659,0.68319311382534
1248.7487663333343,0.8256716666666677,825.6716666666676,423.07709966666664,0.6611991850779273
1247.6997426666665,0.8264010000000009,826.401000000001,421.2987426666655,0.6623396412936353
1225.6140400000002,0.826566000000001,826.566000000001,399.0480399999991,0.6744097024214907
1189.658471333332,0.8261173333333341,826.1173333333342,363.5411379999979,0.6944155429813799
1130.0902713333332,0.8253036666666677,825.3036666666677,304.78660466666554,0.7302988863827099
1060.924910333334,0.8250146666666677,825.0146666666677,235.91024366666636,0.7776371905599377
1023.775599666666,0.8256250000000004,825.6250000000003,198.1505996666657,0.8064511405319856
980.2430866666662,0.8267810000000003,826.7810000000003,153.46208666666587,0.8434448671415614
952.1188873333325,0.8257730000000004,825.7730000000005,126.34588733333203,0.8673003035501187
936.9052406666666,0.8267413333333337,826.7413333333336,110.16390733333299,0.8824172365020133
942.7131936666666,0.8278130000000004,827.8130000000003,114.90019366666627,0.8781175500262557
956.9530386666664,0.8279636666666669,827.9636666666669,128.98937199999955,0.8652082528733888
972.0218793333325,0.8251963333333334,825.1963333333334,146.82554599999912,0.8489483116360504
1087.3210123333338,0.8229223333333336,822.9223333333337,264.39867900000013,0.7568347562486496
1213.456713666665,0.8262876666666671,826.2876666666671,387.16904699999805,0.6809370761729925
1204.267471999999,0.8204776666666672,820.4776666666672,383.78980533333186,0.6813085014278853
1310.2785759999992,0.8232286666666673,823.2286666666673,487.0499093333319,0.6282852225057428
1341.1703466666663,0.8249273333333339,824.9273333333339,516.2430133333324,0.6150802061673981
1363.395110333334,0.824972333333334,824.972333333334,538.4227770000001,0.6050867625098332
1357.6553632833343,0.8286976666666674,828.6976666666675,528.9576966166668,0.6103888284745231
1358.5799143333336,0.8323313333333343,832.3313333333343,526.2485809999993,0.6126480485630955
1366.6602356666676,0.8330480000000009,833.0480000000009,533.6122356666667,0.6095501853784702
1294.1460009999994,0.8304576666666679,830.4576666666678,463.68833433333157,0.6417032282485632
1236.3332483333334,0.8280606666666673,828.0606666666673,408.27258166666604,0.669771412993182
1283.3207306666661,0.8233226666666678,823.3226666666677,459.9980639999984,0.6415564301209128
1310.992666333331,0.8241476666666678,824.1476666666679,486.84499966666317,0.6286439946088312
1305.3227643333346,0.8259063333333342,825.9063333333341,479.41643100000044,0.6327219258718344
1266.2171249999988,0.8253156666666674,825.3156666666674,440.90145833333133,0.651796323372793
1205.9640246666672,0.8250843333333341,825.084333333334,380.8796913333332,0.684169939116874
1140.7502049999991,0.8251203333333341,825.1203333333341,315.62987166666505,0.7233137716888113
1067.039879666667,0.8261563333333337,826.1563333333337,240.88354633333336,0.7742506621134132
1013.1173880000013,0.8266073333333336,826.6073333333336,186.51005466666766,0.8159047935848206
966.9164636666663,0.8252363333333336,825.2363333333336,141.68013033333273,0.853472212277714
946.981022000001,0.8271956666666668,827.1956666666667,119.78535533333422,0.8735081775130504
948.5312028400004,0.8262336666666671,826.2336666666671,122.29753617333336,0.8710664068750065
958.4630123333336,0.828020666666667,828.020666666667,130.4423456666666,0.8639046640421618
966.5685907900001,0.8263330000000001,826.3330000000001,140.23559079000006,0.8549139790737643
1075.4804073333337,0.8240836666666674,824.0836666666675,251.39674066666623,0.766247028813842
1235.3211983333329,0.8253440000000004,825.3440000000004,409.97719833333247,0.6681209721921195
1338.2575543333337,0.8226450000000006,822.6450000000007,515.612554333333,0.6147135111146893
1380.7583949999976,0.8249653333333338,824.9653333333338,555.7930616666638,0.5974726181790372
1389.7062596666676,0.8260216666666672,826.0216666666672,563.6845930000004,0.5943857998198808
1390.4749060000006,0.826488333333334,826.488333333334,563.9865726666666,0.5943928436011154
1395.8795169999999,0.8299586666666676,829.9586666666676,565.9208503333323,0.5945775810582853
1393.5955039233343,0.8335923333333345,833.5923333333345,560.0031705899997,0.5981594594604783
1369.1664686666668,0.8343250000000009,834.3250000000008,534.841468666666,0.6093670996869287
1306.2798519999994,0.832549666666668,832.5496666666679,473.7301853333315,0.6373440311369575
1231.6720763333346,0.8312133333333342,831.2133333333343,400.45874300000037,0.6748657774298507
1286.141446999999,0.8267263333333343,826.7263333333343,459.41511366666475,0.6427958101044969
1308.3340299999998,0.8269196666666677,826.9196666666677,481.41436333333206,0.6320401730028132
1285.8551729999992,0.8285393333333343,828.5393333333343,457.31583966666494,0.6443488743761774
1251.8984919999991,0.8274900000000011,827.490000000001,424.4084919999981,0.6609880955108632
1187.6470723333343,0.8266373333333343,826.6373333333344,361.00973899999997,0.6960294456073259
1124.4481426666653,0.825585000000001,825.5850000000011,298.8631426666642,0.7342134943120626
1053.555054333332,0.8259853333333337,825.9853333333336,227.56972099999837,0.7839982637224404
1007.3641430000005,0.8258620000000004,825.8620000000004,181.50214300000005,0.819824693720511
975.4406549999993,0.8254093333333336,825.4093333333335,150.0313216666658,0.846191235830061
951.7158130000006,0.8272810000000003,827.2810000000003,124.4348130000003,0.8692521325165791
948.3699723333337,0.827807666666667,827.807666666667,120.5623056666667,0.8728741849870681
955.7992143333321,0.8308423333333337,830.8423333333337,124.95688099999836,0.8692645075177683
962.0532585066654,0.824342,824.342,137.71125850666544,0.8568569283571411
1078.0103648100005,0.824532333333334,824.532333333334,253.4780314766665,0.7648649403094171
1189.1611646666645,0.8266096666666674,826.6096666666674,362.5514979999971,0.6951199645830812
1321.8332233333338,0.8238903333333338,823.8903333333338,497.9428899999999,0.6232937096676144
1387.3415562233336,0.8260810000000005,826.0810000000005,561.2605562233331,0.5954416893910286
1425.7720906666655,0.8274373333333341,827.4373333333341,598.3347573333314,0.5803433373046595
1438.422603666668,0.8269556666666675,826.9556666666675,611.4669370000005,0.5749045270553198
1429.6534093333355,0.8316173333333343,831.6173333333343,598.0360760000012,0.5816915679731967
1431.047078256667,0.8343226666666679,834.3226666666678,596.7244115899991,0.5830155271223209
1420.2850813333341,0.8344956666666675,834.4956666666675,585.7894146666666,0.5875550462610367
1319.2729203333324,0.8324833333333346,832.4833333333346,486.7895869999978,0.6310167672682891
1222.689520666668,0.8288376666666675,828.8376666666675,393.85185400000046,0.6778807314998055
1273.1760263333335,0.8247670000000006,824.7670000000006,448.4090263333329,0.6478028041222842
1327.2049423333328,0.8234896666666675,823.4896666666674,503.71527566666543,0.6204691079728097
1296.1516953333332,0.8264886666666675,826.4886666666675,469.6630286666657,0.6376481006369538
1240.467511666666,0.8261173333333341,826.1173333333342,414.3501783333319,0.6659725672487627
1198.3432193333342,0.8253036666666677,825.3036666666677,373.0395526666665,0.6887039149984118
1121.1005993333338,0.825585000000001,825.5850000000011,295.5155993333327,0.7364058145102571
1038.678454666667,0.8264413333333336,826.4413333333335,212.23712133333345,0.795666194499582
1004.6797373333337,0.826401666666667,826.401666666667,178.27807066666674,0.8225523377829234
963.1171563333347,0.8259533333333337,825.9533333333336,137.16382300000112,0.8575834496374305
946.0982426666659,0.8278270000000002,827.8270000000002,118.27124266666567,0.8749905270584721
929.9055006666647,0.827807666666667,827.807666666667,102.09783399999765,0.8902062264103159
927.627064853332,0.8280213333333337,828.0213333333337,99.60573151999824,0.8926230860504841
907.5480309266655,0.8285713333333335,828.5713333333335,78.976697593332,0.91297794177054
922.6396113933322,0.8255533333333341,825.5533333333342,97.086278059998,0.8947733471865766
1013.2162160000013,0.8253440000000004,825.3440000000004,187.8722160000009,0.8145783564916803
1102.184620293334,0.8226450000000006,822.6450000000007,279.5396202933334,0.7463767728686532
1144.8743373333346,0.8261430000000006,826.1430000000006,318.73133733333395,0.7216014658204937
1176.095365000001,0.8272923333333342,827.2923333333342,348.8030316666668,0.7034228328357824
1183.6901346666677,0.8278146666666676,827.8146666666676,355.8754680000002,0.6993508203055048
1178.2920180000006,0.8313706666666678,831.3706666666678,346.9213513333327,0.705572688235479
1164.8291232200002,0.8350273333333346,835.0273333333346,329.8017898866656,0.7168668062016027
1157.89799522,0.8382316666666678,838.2316666666678,319.66632855333216,0.7239253113201947
1138.0819959999997,0.8339940000000012,833.9940000000013,304.0879959999984,0.7328066017485805
1138.5184886666661,0.8362820000000012,836.2820000000012,302.23648866666497,0.7345352827597749
1172.3811309999978,0.8330176666666678,833.0176666666678,339.36346433333006,0.7105348633137198
1206.9375476666648,0.8298166666666678,829.8166666666677,377.1208809999971,0.687539026580892
1197.0697719999994,0.8334066666666677,833.4066666666678,363.6631053333316,0.6962055898164207
1168.4150806666669,0.8326776666666678,832.6776666666677,335.73741399999915,0.7126556995409232
1108.6737360000009,0.8307453333333344,830.7453333333344,277.92840266666644,0.7493145245152031
1059.0551909999995,0.8289640000000011,828.9640000000012,230.09119099999828,0.7827391877634464
1031.9912383333324,0.8294290000000003,829.4290000000003,202.56223833333206,0.803717094865582
998.7552946666673,0.8296843333333338,829.6843333333338,169.07096133333346,0.8307183328727578
958.3982193333331,0.8265903333333339,826.5903333333339,131.80788599999926,0.8624706480655969
936.9398563333331,0.8284613333333337,828.4613333333338,108.47852299999931,0.8842203987089154
932.6723073333335,0.829055666666667,829.055666666667,103.61664066666651,0.8889034874821964
942.0079676666656,0.8291246666666671,829.124666666667,112.8833009999986,0.8801673607075657
943.8193933333321,0.8274370000000004,827.4370000000005,116.3823933333316,0.876689974633496
1038.6540339999995,0.8255236666666673,825.5236666666673,213.13036733333217,0.7948013868366371
1223.9765513333332,0.8253440000000004,825.3440000000004,398.6325513333328,0.674313571694585
1301.4500099999987,0.8220133333333337,822.0133333333337,479.436676666665,0.6316134519322294
1363.7094833333304,0.8239106666666671,823.9106666666671,539.7988166666632,0.604168759355382
1383.4505026666677,0.8260216666666672,826.0216666666672,557.4288360000005,0.5970735238264546
1333.344771333332,0.8262253333333341,826.2253333333341,507.1194379999978,0.6196636842150862
1349.904246000001,0.830689000000001,830.689000000001,519.215246,0.6153688326127396
1335.8618725262722,0.8343226666666679,834.3226666666678,501.5392058596044,0.6245575862486931
1309.0645315383754,0.8350553333333344,835.0553333333344,474.009198205041,0.6379023441663346
1281.8938489999996,0.8325576666666679,832.5576666666678,449.33618233333175,0.6494747340555093
1218.3577993333329,0.8312133333333342,831.2133333333343,387.1444659999986,0.6822407455249696
1262.144841666665,0.8263173333333343,826.3173333333343,435.82750833333057,0.6546929528644118
1263.8616843333339,0.8262516666666677,826.2516666666677,437.6100176666662,0.6537516540842851
1249.5081620000005,0.8285393333333343,828.5393333333343,420.96882866666624,0.6630923738882579
1218.915748333333,0.8266493333333343,826.6493333333343,392.2664149999988,0.6781841439522308
1198.9716520000004,0.8256163333333343,825.6163333333343,373.3553186666661,0.6886037146550767
1138.2466980000015,0.825585000000001,825.5850000000011,312.66169800000046,0.7253128881907812
1066.221614333332,0.8259853333333337,825.9853333333336,240.23628099999826,0.7746844766880768
1016.8863626666678,0.8266503333333336,826.6503333333336,190.23602933333416,0.8129230203909295
980.4762233333324,0.8254136666666669,825.4136666666669,155.0625566666655,0.8418497532357305
961.0202336666675,0.8278250000000004,827.8250000000004,133.19523366666715,0.8614022587656919
958.4134416666666,0.828349666666667,828.349666666667,130.06377499999962,0.8642926222175884
969.5881406666657,0.8285503333333337,828.5503333333337,141.037807333332,0.8545384360452699
974.3912363466658,0.826862666666667,826.862666666667,147.52856967999878,0.8485941127373692
1052.775112666666,0.824922666666667,824.922666666667,227.85244599999896,0.7835696880952556
1188.383235333332,0.8253793333333338,825.3793333333338,363.00390199999833,0.6945396979635289
1324.1014520000008,0.8228076666666673,822.8076666666673,501.2937853333335,0.6214083259434918
1373.2957963333308,0.8255576666666672,825.5576666666672,547.7381296666637,0.6011506544117354
1344.9343223333328,0.8259210000000007,825.9210000000007,519.0133223333321,0.6140976449817316
1339.6563729999987,0.8262253333333341,826.2253333333341,513.4310396666646,0.6167442263444783
1357.3253336166656,0.8299586666666676,829.9586666666676,527.366666949998,0.6114662757050283
1369.5855898796426,0.8338553333333344,833.8553333333344,535.7302565463082,0.6088376947705857
1343.498478333335,0.8330640000000008,833.0640000000008,510.43447833333425,0.6200706688060048
1300.3790140000003,0.8313723333333346,831.3723333333346,469.0066806666657,0.6393307830891636
1231.603037333335,0.8270690000000008,827.0690000000009,404.534037333334,0.6715386166883524
1266.9155866666658,0.8215616666666673,821.5616666666673,445.35391999999854,0.6484738804329083
1296.852251999999,0.8225453333333341,822.5453333333342,474.30691866666484,0.6342629486626629
1288.1040456666663,0.8235706666666675,823.5706666666674,464.53337899999883,0.6393665709204596
1246.4654846666665,0.8240026666666672,824.0026666666672,422.4628179999993,0.6610713868960635
1198.182632,0.8239906666666672,823.9906666666672,374.19196533333286,0.6877003927951003
1129.2663486666654,0.823925333333334,823.9253333333339,305.3410153333315,0.7296111624207609
1060.9575456666676,0.8256740000000004,825.6740000000003,235.28354566666724,0.7782347214290997
1016.703527333334,0.8266073333333336,826.6073333333336,190.09619400000042,0.813026916018876
978.1337813333339,0.8257730000000004,825.7730000000005,152.36078133333342,0.8442331874831639
947.5195899999984,0.827198666666667,827.198666666667,120.3209233333314,0.8730148435945988
947.3566379999983,0.8265456666666668,826.5456666666669,120.8109713333314,0.8724757219325764
948.7085885066673,0.8276610000000002,827.6610000000002,121.04758850666713,0.8724080397572828
966.1108265333324,0.8263970000000002,826.3970000000002,139.71382653333228,0.8553853008410398
1063.307404809999,0.8233633333333336,823.3633333333336,239.9440714766655,0.7743417657102268
1214.6715173333325,0.8253440000000004,825.3440000000004,389.32751733333214,0.6794791745935933
1321.9613239999994,0.8228076666666673,822.8076666666673,499.15365733333215,0.6224143261445882
1407.607679333332,0.8249683333333337,824.9683333333337,582.6393459999983,0.5860783124769917
1446.3333489999998,0.8259210000000007,825.9210000000007,620.412348999999,0.5710447045772993
1456.4352113333318,0.826488333333334,826.488333333334,629.9468779999978,0.567473463221686
1458.6225830000008,0.8299586666666676,829.9586666666676,628.6639163333332,0.5690016570014035
1461.673779999999,0.8338553333333344,833.8553333333344,627.8184466666645,0.5704797778703639
1411.7167960000018,0.8330640000000008,833.0640000000008,578.652796000001,0.5901070259703843
1353.7856589999983,0.8304576666666679,830.4576666666678,523.3279923333305,0.6134336415412337
1266.4779963333349,0.8270690000000008,827.0690000000009,439.408996333334,0.6530464819716597
1307.1706779999972,0.8221080000000007,822.1080000000007,485.0626779999965,0.6289216961765436
1327.6239469999982,0.8225453333333341,822.5453333333342,505.07861366666407,0.6195619890647658
1312.5101903333352,0.8235706666666675,823.5706666666674,488.9395236666678,0.6274775409229448
1268.7627593333336,0.8240026666666672,824.0026666666672,444.7600926666664,0.6494536985776885
1220.9274030000006,0.8239906666666672,823.9906666666672,396.93673633333344,0.6748891577353406
1154.047965333332,0.8239593333333339,823.9593333333339,330.08863199999814,0.7139732126258234
1072.5806546666677,0.8255903333333336,825.5903333333337,246.990321333334,0.7697233114743314
1032.692541333334,0.8261250000000003,826.1250000000003,206.56754133333368,0.7999718860498117
977.0599456666662,0.8252676666666671,825.2676666666671,151.7922789999991,0.8446438423013765
942.0034323333324,0.8265650000000002,826.5650000000002,115.43843233333223,0.8774543400044812
940.9074346666666,0.8270896666666667,827.0896666666667,113.81776799999989,0.8790340433006336
942.3517880000007,0.8272903333333338,827.2903333333338,115.06145466666692,0.8778996802129835
954.1936226666662,0.8250586666666668,825.0586666666668,129.13495599999942,0.8646658781483904
1028.3450630033335,0.8233633333333336,823.3633333333336,204.98172966999994,0.8006683388245766
1200.0812906666663,0.8253440000000004,825.3440000000004,374.7372906666659,0.6877400776254976
1283.4395996666683,0.8228076666666673,822.8076666666673,460.631933000001,0.6410957452772728
1349.0169206666653,0.8255576666666672,825.5576666666672,523.4592539999982,0.6119698381979435
1379.205015,0.8259290000000007,825.9290000000007,553.2760149999993,0.5988442552175615
1388.285020333332,0.8269556666666675,826.9556666666675,561.3293536666646,0.5956670673203062
1430.7010617666667,0.830689000000001,830.689000000001,600.0120617666657,0.5806167495075769
1438.9679456666654,0.8343226666666679,834.3226666666678,604.6452789999976,0.5798062904591881
1410.1715773333353,0.8343250000000009,834.3250000000008,575.8465773333345,0.5916478628634164
1334.907903666666,0.8324913333333345,832.4913333333345,502.4165703333315,0.6236320356233446
1265.0653760000016,0.8288376666666675,828.8376666666675,436.22770933333413,0.6551737818383438
1304.0318919999986,0.825957333333334,825.957333333334,478.07455866666464,0.6333873721957521
1330.5593186666658,0.8247720000000007,824.7720000000007,505.7873186666651,0.6198686435314231
1313.8648443333361,0.8254320000000009,825.4320000000009,488.4328443333352,0.6282472687811589
1260.917353333332,0.8250236666666673,825.0236666666673,435.8936866666646,0.6543043162072866
1212.6321583333352,0.8239906666666672,823.9906666666672,388.641491666668,0.6795058674669948
1152.562573999999,0.8239593333333339,823.9593333333339,328.603240666665,0.7148933619055157
1075.6956903333344,0.8256740000000004,825.6740000000003,250.02169033333405,0.767572100009197
1034.601316333335,0.8261250000000003,826.1250000000003,208.4763163333347,0.7984959877373997
985.378518333333,0.8246933333333337,824.6933333333337,160.68518499999925,0.8369304972552255
955.3131446666663,0.8265650000000002,826.5650000000002,128.74814466666612,0.8652293801404881
946.4586383333333,0.8270896666666667,827.0896666666667,119.36897166666654,0.8738783008237218
945.184902,0.8267463333333337,826.7463333333337,118.43856866666624,0.8746926993691375
946.0692825066657,0.8250586666666668,825.0586666666668,121.01061583999888,0.8720911691378731
1050.0260779999999,0.8233633333333336,823.3633333333336,226.6627446666663,0.7841360806024987
1182.4262853333332,0.8253440000000004,825.3440000000004,357.08228533333283,0.6980088401598167
1270.997285666667,0.8228076666666673,822.8076666666673,448.18961899999977,0.6473716946099424
1364.4955376666644,0.8260810000000005,826.0810000000005,538.4145376666639,0.6054112873191423
1412.4648053333328,0.8274206666666676,827.4206666666676,585.0441386666653,0.5857991388828987
1394.7018524566677,0.8284790000000009,828.4790000000008,566.2228524566668,0.5940187134194267
1419.9390470000026,0.8322123333333343,832.2123333333343,587.7267136666683,0.5860901811888358
1410.6253910000003,0.836315666666668,836.315666666668,574.3097243333323,0.5928687176641554
1368.976404269187,0.8361306666666677,836.1306666666677,532.8457376025193,0.6107706926570636
1286.3999944839716,0.8341533333333345,834.1533333333346,452.246661150637,0.648440093991098
1207.672036,0.8312593333333343,831.2593333333343,376.4127026666656,0.6883154602855558
1265.3585263333337,0.8260683333333341,826.0683333333341,439.2901929999996,0.6528334192579051
1284.4939263333329,0.8268256666666675,826.8256666666674,457.66825966666545,0.6436976070621776
1260.126034000001,0.8288733333333342,828.8733333333342,431.2527006666668,0.6577701840682181
1208.1348983333346,0.8279710000000011,827.9710000000011,380.16389833333346,0.6853299256086525
1141.1895000000015,0.8266373333333343,826.6373333333344,314.5521666666672,0.7243646505101329
1061.2278136666669,0.825585000000001,825.5850000000011,235.6428136666658,0.7779526595213405
1030.6323209999982,0.8260500000000004,826.0500000000004,204.58232099999782,0.8014982483748458
991.4838090000005,0.8266503333333336,826.6503333333336,164.8334756666669,0.8337507136572244
954.9751856666662,0.8259236666666668,825.9236666666668,129.05151899999942,0.8648640080528283
926.4853816666679,0.8272853333333337,827.2853333333336,99.20004833333428,0.8929286416210023
917.2784576666668,0.828349666666667,828.349666666667,88.92879099999982,0.9030514777091647
922.7780356666649,0.8285503333333337,828.5503333333337,94.2277023333312,0.8978869254671239
929.0525516666665,0.826862666666667,826.862666666667,102.18988499999955,0.8900063459094141
1038.4484956666665,0.8243696666666671,824.3696666666671,214.07882899999947,0.7938474272981979
1182.700914999999,0.8253440000000004,825.3440000000004,357.3569149999986,0.6978467586625661
1302.7312353333332,0.8228076666666673,822.8076666666673,479.9235686666659,0.6316020099542123
1341.8686776212553,0.8249683333333337,824.9683333333337,516.9003442879216,0.6147906625227766
1384.3337556666663,0.8275246666666674,827.5246666666674,556.809088999999,0.5977782910221305
1394.9340943333352,0.8275113333333342,827.5113333333342,567.4227610000011,0.5932261149074696
1404.8473053628177,0.8336243333333345,833.6243333333346,571.2229720294831,0.5933914170964236
1403.7752206166674,0.8410060000000014,841.0060000000013,562.7692206166661,0.5991030384697588
1381.2570085900006,0.812805000000001,812.805000000001,568.4520085899997,0.588453122731822
1318.9580959086538,0.7976583333333342,797.6583333333342,521.2997625753196,0.6047639692327095
1252.6673619999992,0.8130556666666677,813.0556666666678,439.61169533333145,0.6490595119909162
1287.387704166667,0.8262233333333343,826.2233333333343,461.16437083333267,0.6417828371820229
1293.8813193333328,0.8319633333333346,831.9633333333346,461.9179859999982,0.6429981798964378
1266.829632333335,0.8306440000000009,830.6440000000009,436.18563233333407,0.6556872201276687
1215.1356416666656,0.8306306666666677,830.6306666666677,384.5049749999979,0.6835703259657371
1159.994750333333,0.8293873333333344,829.3873333333344,330.6074169999987,0.7149923162109172
1082.1954163333335,0.8264516666666676,826.4516666666676,255.74374966666585,0.7636806201479117
1023.5023663333322,0.8245496666666667,824.5496666666668,198.95269966666547,0.8056157892634799
990.8429933333335,0.8233436666666668,823.3436666666668,167.49932666666678,0.8309527061364427
961.3949633333333,0.8210673333333335,821.0673333333335,140.32762999999977,0.8540374816262215
940.5825800000009,0.8220356666666668,822.0356666666669,118.54691333333403,0.8739643750011468
932.5634669999997,0.8234823333333333,823.4823333333334,109.08113366666635,0.8830308740084214
934.1276523333327,0.8250883333333335,825.0883333333335,109.03931899999918,0.8832715007123141
935.8671199999998,0.8239226666666666,823.9226666666666,111.94445333333317,0.8803842437232615
1049.6949919999997,0.8263110000000007,826.3110000000007,223.383991999999,0.7871915235354394
1211.757490999999,0.8253793333333338,825.3793333333338,386.3781576666652,0.6811423403309784
1283.8058186666663,0.8228076666666673,822.8076666666673,460.998151999999,0.6409128660292396
1389.4411309999991,0.8249683333333337,824.9683333333337,564.4727976666654,0.5937411200283046
1377.9206780000004,0.8259290000000007,825.9290000000007,551.9916779999998,0.599402428011172
1410.8904073333322,0.8269556666666675,826.9556666666675,583.9347406666647,0.5861232469711546
1425.1678993333355,0.8322123333333343,832.2123333333343,592.9555660000012,0.5839398527869076
1377.1930396666685,0.836315666666668,836.315666666668,540.8773730000005,0.6072610320983667
1347.770830269188,0.8361306666666677,836.1306666666677,511.6401636025204,0.6203804444259033
1308.6984266666675,0.8340820000000012,834.0820000000012,474.61642666666626,0.6373370541328284
1218.2051406666671,0.832174000000001,832.174000000001,386.03114066666615,0.6831148319933954
1260.5282183333336,0.8260683333333341,826.0683333333341,434.45988499999953,0.6553350582072324
1273.009364666668,0.8255936666666676,825.5936666666676,447.4156980000005,0.6485369939779239
1271.862044000001,0.8276586666666674,827.6586666666674,444.2033773333337,0.6507456296625412
1227.105816333333,0.8278293333333341,827.829333333334,399.27648299999896,0.6746193541865351
1181.4935483333331,0.8268730000000007,826.8730000000007,354.6205483333324,0.6998540120396123
1119.805214666667,0.8268416666666675,826.8416666666675,292.9635479999996,0.7383799037878153
1063.7305716666651,0.8261833333333336,826.1833333333336,237.5472383333315,0.7766847690001616
1018.8400296666675,0.826189666666667,826.189666666667,192.65036300000054,0.8109120594103182
